Daily Mail and Mail on Sunday (England);13;10;16;8;14;12;20;16;10;19;16;24;18;10;21;11;12;41;34;19;29;24;24;21;29;38;53;45;56;51;63;45;69;83;108;91;129;136;167;106;116;116;163;135;110;115;83;81;101;94;108;85;101;63;92;76;71;72;48;62;91;24;37;28;24;32;43;22;43;43;57;76;50;36;38;31;34;34;28;32;39;45;32;36;33;43;27;19;31;38;49;23;26;35;47;27;16;21;24;25;17;18;16;22;21;23;27;35;34;21;40;26;17;37;17;21;40;41;23;17;37;51;39;34;20;16;31;17;15;84;22;15;12;9;19;25;24;28;25;28;32;36;44;68;28;14;24;31;16;19;19;21;24;23;32;19;45;34;20;25;19;34;24;14;31;23;19;28;24;14;11;20;7;16;24;16;18;27;29;34;16;37;61;67;77;37;54;74;65;73;66;81;81;65;39;32;20;23;23;29;41;31;45;41;38;24;48;38;32;56;46;88;73;110;116;45;48;33;58;80;92;94;145;110;129;73;141;104;82;68;77;90;92;115;151;95;122;92
Guardian and Observer (England);50;48;46;49;72;63;40;69;70;79;92;63;88;84;69;77;116;164;142;58;109;99;133;150;105;144;130;105;148;157;133;120;191;216;240;198;239;211;233;194;224;264;255;176;203;240;223;256;194;150;240;193;193;247;235;169;211;196;181;197;180;161;200;215;214;221;277;177;279;251;330;390;239;244;171;164;166;169;137;117;129;94;157;125;119;100;125;110;129;139;119;52;106;143;91;129;57;98;86;78;64;96;74;50;108;117;159;84;110;68;78;89;95;112;73;83;119;80;157;85;121;195;144;126;130;101;111;84;151;219;446;348;282;251;394;381;367;389;372;316;513;981;731;870;552;676;730;697;920;496;160;140;205;189;292;218;258;192;183;155;154;224;152;181;289;180;205;157;181;150;178;166;184;205;218;247;208;372;329;322;311;356;406;457;457;308;271;279;331;364;362;383;420;358;237;177;192;230;230;257;315;290;302;246;251;241;270;277;241;306;304;331;416;515;531;271;234;231;310;275;362;309;383;357;333;313;387;213;206;215;305;223;228;261;323;311;355;267
Telegraph and Telegraph on Sunday (England);16;23;26;15;28;22;22;14;33;36;35;32;45;50;64;77;64;51;72;53;69;117;143;86;45;50;64;77;64;51;72;53;69;117;143;86;117;154;182;110;145;143;163;104;120;128;120;126;102;71;106;93;75;87;103;53;56;60;67;56;65;48;103;67;63;56;80;74;95;104;145;216;144;142;115;91;126;91;106;109;116;106;86;100;132;88;77;67;66;81;79;45;53;85;115;110;65;95;96;104;63;88;98;60;83;113;130;109;107;80;123;71;73;106;58;118;95;88;85;66;74;92;88;68;44;72;72;60;68;67;78;69;68;56;68;63;137;76;57;42;68;59;76;125;59;42;48;50;57;44;58;39;44;51;69;39;62;31;44;56;38;69;65;42;40;41;56;46;58;32;43;69;47;64;59;73;53;86;68;56;58;64;80;159;148;138;140;124;165;180;173;186;217;224;112;49;39;64;64;85;140;127;164;103;137;126;154;135;132;174;159;208;227;303;305;132;132;104;111;128;131;92;161;115;97;100;158;122;100;82;75;152;114;120;184;130;166;109
The Daily Mirror and Sunday Mirror (England);13;10;10;13;20;13;16;30;15;27;29;21;21;15;7;11;15;34;79;14;39;30;17;26;19;22;22;26;31;27;28;27;66;47;84;42;64;80;84;74;67;74;103;55;42;44;60;25;48;46;53;33;41;39;56;45;42;37;34;27;39;36;38;37;31;34;45;25;68;100;45;156;45;30;26;22;44;18;20;24;19;10;37;37;27;10;25;20;12;57;28;27;26;31;40;26;18;18;26;11;14;11;28;17;26;19;34;32;50;45;34;18;16;34;4;18;26;30;27;9;23;32;8;20;9;21;16;13;17;11;26;12;26;13;11;18;17;19;18;9;25;17;19;51;28;19;23;18;24;23;21;15;13;14;31;18;32;14;29;12;18;34;29;17;24;27;27;43;23;20;36;18;29;31;24;40;29;61;61;61;49;36;70;113;157;121;129;127;167;141;252;131;165;129;97;55;45;48;48;57;81;69;82;69;73;52;31;91;78;73;90;132;151;240;268;55;73;59;60;77;68;45;150;128;103;73;120;65;62;47;53;78;66;60;117;85;101;81
Times and The Sunday Times (England);25;34;35;20;43;43;40;33;57;54;48;58;79;75;51;66;66;91;106;58;92;88;91;94;84;113;110;84;119;121;129;74;145;168;226;161;187;217;219;237;192;242;181;157;168;186;201;204;175;179;182;145;157;155;133;109;125;122;147;136;175;214;288;226;256;181;328;221;326;313;389;502;270;238;193;147;160;141;142;123;147;116;133;148;112;96;103;94;110;96;87;77;80;110;103;153;73;168;127;165;107;131;166;69;143;139;184;172;129;126;158;117;131;198;139;163;180;105;149;87;102;116;105;103;110;75;89;69;94;80;120;86;108;107;90;83;211;112;87;89;112;125;152;263;148;75;123;119;120;96;116;85;98;88;123;102;131;102;94;117;170;157;125;90;125;113;153;189;168;162;178;174;155;138;193;214;199;205;254;247;240;261;300;397;558;439;388;495;483;507;507;434;551;580;352;252;222;203;203;241;308;252;422;292;404;390;399;405;360;377;397;545;520;812;771;287;317;202;238;259;277;262;465;388;286;345;424;273;292;227;276;274;260;297;413;368;410;268
Helsingin Sanomat (Finland);14;14;8;8;11;9;5;14;14;18;25;15;19;22;19;4;13;13;29;22;15;20;14;29;32;8;19;21;25;35;23;12;44;35;53;39;82;79;66;77;61;47;51;37;54;59;65;76;67;83;65;56;71;50;50;37;45;51;51;51;35;37;54;30;39;31;28;24;39;48;69;82;33;35;42;29;29;16;26;23;25;16;33;31;29;18;32;21;19;15;19;16;16;19;25;40;28;13;30;21;12;27;25;22;19;30;38;19;27;13;16;28;29;22;21;24;34;33;51;17;37;23;28;28;30;34;17;15;45;54;54;31;27;23;41;35;26;39;45;34;47;42;101;114;34;38;37;42;37;32;30;31;39;38;65;31;35;25;38;37;45;53;46;40;44;38;43;38;62;45;34;36;30;33;50;68;55;110;84;90;84;86;103;79;120;97;87;100;118;105;103;106;110;100;66;52;56;59;63;56;91;95;78;84;79;77;104;99;110;104;202;147;140;186;161;91;89;77;89;76;97;114;142;134;122;130;129;110;128;98;118;90;108;127;160;111;86;85
Ilta-Sanomat (Finland);1;4;5;0;1;2;3;1;0;1;3;1;1;2;0;0;0;0;0;0;0;1;3;0;2;2;0;1;0;0;1;4;3;5;10;2;20;26;13;11;18;12;15;11;16;15;20;13;24;14;11;15;12;7;12;7;11;3;8;11;10;8;13;10;8;3;15;7;7;13;17;18;3;6;7;5;4;0;3;11;7;3;7;6;7;2;6;2;4;6;1;5;7;4;7;12;6;8;3;7;4;4;3;1;3;9;8;4;5;5;4;6;4;5;7;2;8;4;9;3;2;7;12;14;14;9;7;7;10;11;12;7;7;10;6;8;7;11;10;9;8;10;15;19;12;6;7;11;8;3;4;6;9;5;9;9;17;9;8;6;22;20;18;13;18;9;14;13;15;5;7;9;9;8;9;23;18;52;36;39;38;23;32;41;45;35;25;44;60;40;23;31;41;46;21;9;14;15;10;10;28;27;23;22;22;26;11;20;17;25;72;54;50;79;69;38;18;24;22;27;27;25;37;42;39;25;49;18;40;35;47;44;41;48;87;58;44;33
Le Monde (France);32;33;37;16;2;22;8;3;12;12;19;21;18;27;8;11;14;24;29;9;18;17;21;21;15;11;13;9;14;13;16;22;25;43;36;43;50;39;61;44;71;62;29;32;57;47;41;56;35;31;42;49;42;65;53;31;35;57;59;67;61;38;55;55;45;67;54;47;95;71;92;123;54;46;45;46;35;26;28;23;40;24;57;49;32;25;25;30;29;37;27;23;27;32;52;37;28;34;42;28;28;24;18;17;31;26;45;29;14;18;20;16;39;28;17;24;24;27;27;15;17;22;51;23;32;22;6;3;22;23;34;32;20;31;37;27;36;55;27;35;42;59;100;69;22;17;19;23;26;24;15;24;48;41;58;31;47;35;38;27;34;54;28;27;44;24;56;71;34;36;41;35;28;49;37;35;52;57;97;78;64;62;62;45;71;61;4;47;69;51;50;75;65;56;46;33;38;44;32;30;71;63;43;56;50;44;49;45;32;61;55;51;90;97;109;61;50;55;81;76;49;91;80;95;96;105;113;71;75;58;85;63;64;103;87;77;78;67
Le Figaro (France);6;7;13;10;17;18;11;17;12;10;20;21;25;34;20;11;15;16;56;25;24;18;11;23;17;7;25;28;26;27;26;10;27;45;63;70;101;79;69;51;73;71;25;55;81;52;46;43;36;23;30;30;31;29;31;10;20;24;36;57;43;31;19;24;27;32;40;18;49;36;59;71;20;28;21;19;17;12;17;12;14;23;18;17;16;9;11;16;6;6;11;6;8;11;21;19;15;8;16;15;6;8;13;6;10;6;19;11;10;7;7;7;25;14;4;6;15;6;12;7;12;3;10;9;9;15;7;3;8;8;18;22;10;11;9;13;16;37;31;17;28;34;47;61;22;14;9;9;11;14;5;7;15;21;33;21;16;12;18;19;16;35;31;27;25;20;16;40;32;17;20;18;21;19;17;19;18;28;35;28;26;20;37;34;47;36;48;42;64;40;43;52;52;58;20;10;14;32;32;15;35;32;26;42;29;32;38;40;36;41;38;43;63;67;71;26;45;37;38;46;46;51;47;51;64;53;82;53;53;35;59;53;52;53;52;43;69;43
Jyllandsposten (Denmark);9;9;21;26;28;12;9;15;14;11;16;11;10;18;15;7;18;19;20;12;16;17;18;12;10;8;14;7;30;23;12;20;34;40;36;35;72;70;78;55;46;63;52;50;49;45;72;65;80;55;44;48;51;49;46;31;38;29;40;60;42;28;57;36;40;45;43;44;71;69;86;165;54;38;29;23;19;30;15;25;25;15;22;42;31;25;11;20;23;11;18;26;32;41;23;28;23;22;14;26;22;28;9;24;22;32;27;44;25;21;25;17;19;31;6;21;35;23;22;25;25;19;20;26;22;27;17;17;37;40;48;36;26;13;19;18;16;37;15;20;40;17;43;49;25;13;15;37;30;22;14;20;20;16;37;22;34;19;31;20;25;36;11;16;26;24;22;18;27;13;23;22;28;21;16;49;22;47;27;38;28;26;49;72;63;42;46;43;57;54;56;59;79;51;36;38;24;45;24;27;32;41;41;61;46;29;28;30;38;37;42;72;53;53;59;41;39;35;29;25;47;30;34;49;48;43;42;24;37;22;24;24;33;26;31;44;39;39
Politiken (Denmark);15;15;7;14;36;17;8;28;13;23;22;15;18;23;9;6;19;19;30;28;19;15;18;29;10;15;12;12;19;29;27;15;39;31;52;31;70;61;79;61;53;90;51;42;57;70;69;63;53;51;46;52;52;49;35;26;45;59;57;49;40;43;71;58;67;50;44;68;86;100;92;184;54;57;31;25;29;40;24;44;43;27;39;50;41;21;22;21;42;36;37;27;43;44;38;34;24;24;31;20;24;37;19;26;18;22;53;37;34;31;24;22;24;19;21;29;37;25;36;24;21;22;27;37;36;29;28;22;32;53;42;44;39;32;30;30;39;48;21;42;44;38;68;62;29;23;27;36;43;26;20;19;29;27;50;40;48;29;32;39;31;37;43;42;44;35;29;33;32;17;23;28;32;42;47;67;58;56;50;81;62;60;76;53;101;58;50;71;74;50;68;79;77;59;68;44;27;26;23;36;52;37;55;25;40;31;32;46;42;36;43;63;57;63;73;26;25;24;40;30;42;27;44;40;51;63;71;39;40;17;30;17;32;44;66;60;49;42
Berlingske Tidende (Denmark);11;5;11;7;33;10;4;16;11;12;9;14;17;15;9;5;13;10;24;13;20;13;16;24;17;11;13;13;10;16;13;20;27;23;38;26;49;77;74;49;49;50;46;41;54;53;59;68;53;31;39;46;66;47;39;25;41;52;54;35;39;32;72;47;67;53;55;45;81;57;102;202;27;32;29;17;15;9;13;25;14;17;35;36;23;17;13;12;15;25;20;12;21;30;24;25;21;10;12;14;15;21;20;32;30;23;28;24;27;12;13;18;14;18;9;21;19;14;17;8;10;14;16;17;26;11;7;14;23;24;29;23;19;8;11;10;11;22;18;21;26;19;25;35;19;14;20;19;24;23;11;15;15;15;29;23;36;16;26;18;20;28;17;31;33;14;28;20;29;26;17;23;26;21;20;44;28;38;30;44;40;27;48;46;70;51;35;39;51;44;38;56;41;30;35;27;17;14;25;22;23;27;21;29;16;20;21;28;23;15;37;51;38;39;48;27;18;25;22;15;33;24;24;35;20;29;47;23;22;16;26;23;35;22;25;33;19;28
Süddeutsche Zeitung (Germany);6;6;8;6;9;11;4;5;8;11;15;19;12;14;6;1;9;13;28;13;18;14;19;27;13;15;31;27;40;28;34;41;33;73;129;72;123;180;278;243;166;171;118;85;157;150;180;165;139;110;104;130;97;100;107;100;98;100;95;116;148;108;125;118;139;121;114;78;91;107;138;196;92;76;77;59;64;46;68;64;49;79;61;97;66;73;85;72;69;71;83;57;61;68;84;77;71;61;46;31;54;38;42;74;58;68;84;77;70;39;51;40;59;73;47;56;62;79;74;34;38;42;70;35;60;39;44;51;88;64;84;54;67;55;58;69;56;47;73;57;83;66;107;89;64;69;65;47;42;63;41;39;66;58;79;71;87;57;48;68;74;92;71;80;73;79;85;48;62;72;48;49;44;58;74;108;120;105;81;104;105;126;137;105;157;149;169;145;195;184;172;146;204;196;121;62;77;60;86;72;129;119;98;89;95;103;121;94;114;137;227;157;204;156;151;94;100;86;110;138;110;93;163;139;117;115;156;139;145;103;160;117;150;168;214;207;175;132
Die Tageszeitung (Germany);8;6;7;2;12;10;7;10;6;16;15;9;13;20;5;2;7;11;7;14;17;8;19;11;5;11;8;13;14;16;13;15;28;35;97;42;67;95;119;156;135;84;49;33;53;49;60;59;31;26;44;34;37;37;43;43;42;28;40;44;26;33;41;42;35;21;35;28;56;44;55;93;45;27;27;28;25;29;39;38;33;20;21;42;30;15;24;17;20;23;20;25;22;23;39;35;18;28;22;14;23;28;26;26;22;23;43;40;44;27;48;18;12;27;22;16;40;24;35;21;16;16;25;30;7;33;17;10;24;23;37;24;15;24;24;26;20;31;16;29;26;23;53;64;19;19;21;22;20;25;13;24;28;21;36;31;33;20;40;15;21;35;34;28;46;29;41;30;38;23;19;14;12;24;31;56;30;36;39;39;46;48;55;49;68;78;79;105;121;89;96;76;90;70;62;39;30;37;39;42;79;52;44;34;51;46;50;47;50;68;91;76;102;69;72;50;47;43;35;46;63;57;79;68;61;45;71;52;57;49;62;59;65;72;73;68;68;64
Irish Times (Ireland);21;30;21;12;24;24;19;29;27;17;32;25;25;28;40;38;34;37;41;30;57;40;68;64;25;28;40;38;34;37;41;30;57;40;68;64;127;132;119;82;101;114;79;81;89;76;112;143;106;87;95;113;109;139;120;87;112;78;100;90;86;61;70;74;58;82;75;46;108;137;118;184;86;38;54;42;56;32;37;36;43;36;36;62;75;27;35;40;29;31;18;20;22;37;49;49;31;19;28;13;21;36;40;29;26;22;39;36;40;45;34;39;33;30;20;23;36;38;47;28;31;34;29;48;33;35;36;18;46;48;38;32;45;25;28;26;22;51;36;36;52;51;67;143;61;45;35;36;50;34;51;30;29;39;68;51;50;25;42;34;36;60;55;44;44;46;71;39;42;32;35;32;34;39;56;50;49;76;207;99;90;58;76;75;137;139;100;86;127;136;119;104;132;136;56;53;72;74;74;35;55;70;58;63;61;49;70;57;65;65;104;113;121;159;176;82;70;65;80;101;65;95;117;99;117;76;131;73;72;48;73;62;73;94;97;145;133;93
Sun & Sunday Sun (England);7;3;3;5;10;10;6;13;7;11;4;8;15;22;7;1;14;21;37;9;21;25;19;33;16;24;13;24;21;17;24;26;64;72;56;59;68;58;84;69;58;80;93;38;44;45;59;74;61;42;48;46;43;38;49;43;42;30;27;37;68;82;87;95;53;105;88;47;111;59;55;165;67;29;27;47;42;42;28;28;16;48;40;57;27;21;32;23;10;30;22;21;23;16;20;38;21;25;22;21;28;25;26;7;28;21;35;37;36;15;40;41;20;31;30;25;40;41;41;20;39;39;26;26;20;14;21;20;43;17;41;17;21;21;22;24;32;25;34;17;35;36;41;114;35;33;29;19;27;20;25;14;29;25;32;26;36;34;20;25;34;51;26;18;38;28;20;29;56;20;27;29;23;41;42;43;24;53;58;54;40;44;63;129;138;113;98;151;141;205;150;148;166;161;112;30;30;28;28;66;92;106;84;70;88;63;74;108;82;101;89;125;171;330;269;75;77;41;90;55;50;62;85;54;62;54;113;65;39;29;47;63;50;78;92;72;77;45
La Repubblica (Italy);N/A;N/A;N/A;N/A;N/A;N/A;N/A;N/A;N/A;N/A;N/A;N/A;N/A;N/A;N/A;N/A;N/A;N/A;3;9;12;4;4;7;5;6;6;4;7;8;21;11;11;10;17;14;30;29;41;28;43;51;46;27;54;53;39;47;35;29;34;43;44;36;16;24;24;26;33;23;25;12;25;20;14;14;17;17;20;25;20;54;15;15;17;11;10;6;4;11;9;12;23;9;5;8;4;4;7;18;99;3;2;12;13;3;3;6;3;3;7;7;5;4;1;7;19;9;4;0;6;6;4;4;6;0;4;13;12;2;5;9;4;3;6;10;4;4;7;8;14;14;11;9;3;8;4;10;5;110;11;11;12;30;4;11;12;13;8;13;13;3;12;7;26;6;8;10;11;11;14;20;22;13;20;17;21;20;10;14;12;14;11;20;12;14;14;31;31;26;23;19;34;27;22;35;38;30;63;46;51;42;44;28;15;9;14;9;11;16;11;24;24;14;13;25;11;14;21;20;28;13;41;38;55;27;13;14;20;18;23;32;31;34;32;21;19;16;12;9;31;18;22;26;60;28;30;22
Corriere della Sera (Italy);4;9;1;0;5;8;5;5;3;4;7;5;6;8;2;0;11;6;18;1;9;7;6;7;5;2;3;6;4;0;2;4;6;2;4;3;36;27;20;17;20;21;18;9;30;25;13;13;7;17;8;6;21;25;13;8;7;14;11;11;9;14;17;16;9;15;19;12;18;16;26;63;11;10;14;5;11;11;6;12;13;6;11;12;16;11;9;5;6;6;2;5;8;13;14;15;4;2;16;9;8;8;9;15;9;21;11;12;7;8;4;5;3;11;8;4;11;7;17;7;6;13;9;9;11;10;9;7;11;16;13;4;9;12;8;15;14;31;15;15;29;28;20;47;14;9;16;13;13;9;12;9;10;13;20;12;17;17;13;16;35;30;28;15;27;32;30;16;20;14;16;11;18;20;23;21;26;38;53;37;26;21;78;43;46;45;43;40;80;71;63;60;54;50;32;18;14;21;15;28;34;43;43;11;10;29;29;31;27;37;63;50;92;70;86;33;24;34;28;31;43;45;55;47;61;52;57;21;44;39;46;51;49;23;71;60;56;64
Aftenposten (Norway);5;7;7;7;7;10;15;8;12;10;19;17;32;23;14;15;9;17;25;11;31;16;18;19;15;6;21;17;16;22;17;13;26;32;30;69;76;70;78;56;61;50;47;47;55;79;71;78;86;58;41;56;51;39;21;38;36;28;30;28;34;26;33;34;32;36;16;29;38;49;48;80;31;30;32;27;24;24;14;40;29;26;26;35;35;20;17;17;29;22;10;10;26;26;23;33;12;20;22;12;13;12;6;18;14;12;19;21;13;19;9;30;12;28;5;31;26;27;37;23;20;9;21;22;15;13;8;17;24;21;29;15;25;15;22;21;31;22;23;18;36;32;32;55;26;22;20;13;26;16;8;24;23;23;27;28;41;25;17;12;25;25;15;22;37;25;27;11;22;16;15;13;15;6;17;25;27;34;21;27;32;34;48;26;26;23;23;33;46;35;21;31;46;32;12;11;19;23;17;8;16;21;28;23;14;22;13;17;14;22;25;48;29;29;43;15;15;8;17;15;19;20;26;24;15;26;37;12;14;8;19;12;19;23;23;29;33;18
Dagbladet (Norway);2;5;9;4;7;3;2;4;2;7;4;10;7;11;4;5;4;3;12;5;9;2;6;9;6;5;4;10;7;15;12;5;18;12;22;25;37;49;39;41;34;40;32;25;32;38;31;70;28;22;16;29;17;21;28;10;21;23;23;17;15;13;13;24;11;17;10;14;32;16;14;61;18;8;10;14;7;13;7;12;15;6;8;16;3;7;12;7;8;2;7;5;12;11;5;14;6;6;10;10;5;10;2;13;8;5;7;10;13;8;6;9;14;16;9;12;13;14;8;9;12;8;6;8;7;5;5;2;4;7;21;4;14;7;12;11;10;13;10;11;11;10;9;21;13;9;4;9;9;8;8;10;17;12;13;24;23;10;16;16;12;15;19;14;23;13;14;12;20;7;10;7;16;6;13;23;11;20;9;26;19;17;25;17;17;12;27;36;25;15;17;21;20;23;16;9;9;8;7;7;9;10;11;7;14;12;5;9;4;10;26;32;10;8;22;5;6;9;8;5;11;5;23;14;7;9;16;7;10;7;6;5;5;7;7;14;9;5
VG (Norway);4;2;2;1;3;1;4;7;2;3;6;2;9;8;3;1;3;4;10;5;7;5;8;11;11;11;11;6;13;5;9;5;14;18;17;22;31;41;30;32;32;41;11;12;14;35;20;43;31;23;23;19;19;34;25;17;17;14;22;14;17;8;15;11;17;19;19;11;16;17;24;64;32;21;13;15;26;12;5;17;8;10;16;23;10;14;17;11;9;9;4;8;11;15;15;21;11;19;11;30;11;13;12;8;13;7;11;13;9;6;12;12;23;23;5;8;19;10;17;8;12;9;7;18;6;8;12;16;7;9;10;7;5;4;5;9;16;21;9;14;6;10;16;22;14;6;9;8;14;8;3;17;14;23;24;24;53;19;9;11;11;15;11;11;18;10;10;10;7;7;6;5;5;6;12;10;10;15;10;16;9;12;11;14;10;15;18;36;20;15;18;13;14;18;8;6;2;11;8;3;13;11;5;9;14;6;9;7;4;10;26;24;10;18;21;9;6;7;9;9;13;10;14;19;7;16;17;9;8;4;13;11;7;14;14;15;17;5
Correio da Manhã (Portugal);N/A;N/A;N/A;N/A;N/A;N/A;N/A;N/A;N/A;N/A;N/A;N/A;N/A;N/A;N/A;N/A;N/A;N/A;N/A;N/A;N/A;N/A;N/A;N/A;N/A;N/A;N/A;N/A;N/A;N/A;N/A;N/A;N/A;N/A;N/A;N/A;N/A;N/A;N/A;N/A;N/A;N/A;N/A;N/A;N/A;N/A;N/A;N/A;N/A;N/A;N/A;N/A;N/A;N/A;N/A;N/A;N/A;N/A;N/A;N/A;N/A;4;7;6;4;5;9;10;6;8;14;24;2;0;0;0;0;0;0;0;0;0;0;0;0;0;0;0;0;0;0;0;2;0;2;5;2;1;4;1;1;3;2;1;2;0;8;3;4;0;2;2;0;1;1;1;3;6;1;1;2;4;1;2;2;2;2;2;27;5;24;17;15;9;21;10;15;14;5;6;13;12;52;53;13;11;11;19;7;10;7;2;4;7;27;14;25;10;13;4;24;55;24;9;25;39;52;15;19;27;17;15;15;11;17;12;25;27;25;15;8;10;24;18;9;17;34;18;63;49;42;79;41;24;6;6;11;0;11;8;17;21;15;30;13;13;34;39;27;38;36;48;55;109;165;30;22;27;9;24;28;42;35;34;37;34;67;26;25;16;20;12;27;21;26;18;39;23
Izvestiya (Russia);4;2;2;6;2;2;5;1;3;5;3;1;5;9;7;2;3;6;10;2;5;6;3;5;3;4;3;2;1;1;4;2;2;2;5;10;6;9;7;1;1;6;8;9;5;5;8;1;7;6;5;4;3;5;13;0;4;12;7;7;4;4;4;6;5;5;5;3;8;10;4;21;8;2;4;4;1;4;4;19;7;6;4;5;5;6;3;8;0;3;0;2;2;1;0;1;1;1;2;3;1;1;1;2;1;2;1;3;0;1;1;0;2;0;0;2;1;0;3;2;1;1;0;2;0;1;0;0;1;0;0;2;0;0;0;0;0;1;1;0;1;2;2;2;2;2;0;2;4;1;2;3;0;4;5;3;4;1;1;1;5;3;3;1;3;1;0;1;2;0;1;0;0;0;0;1;3;2;0;4;0;2;1;8;3;4;3;4;3;3;0;3;5;5;1;0;0;1;2;6;6;4;3;7;4;7;5;12;4;9;5;2;8;11;11;11;2;2;1;5;3;3;9;4;3;3;8;7;4;1;5;4;Not available;4;Not available;Not available;Not available;Not available
Rossiskaya Gazeta (Russia);3;1;2;3;1;3;4;1;0;8;5;5;7;7;2;1;0;7;10;4;4;6;5;11;3;4;3;3;2;2;4;4;5;5;3;4;24;13;13;8;9;9;21;18;11;11;11;12;10;9;13;14;4;11;18;7;12;9;9;11;9;6;10;12;5;14;14;5;15;11;10;26;10;4;18;13;5;5;12;24;14;8;9;5;5;2;5;8;6;6;4;2;5;7;5;7;2;1;4;10;7;3;3;1;4;3;6;8;3;6;2;9;4;3;7;2;4;4;2;5;3;6;2;9;4;3;7;2;4;4;2;5;5;2;7;5;5;10;7;5;6;7;6;16;5;6;8;14;10;17;13;8;6;7;12;10;5;2;7;11;11;18;7;10;7;14;6;6;6;6;6;4;2;6;6;12;8;6;4;11;5;5;5;15;7;14;9;14;12;12;15;25;10;8;8;2;6;17;12;8;13;18;12;15;10;6;14;32;12;32;23;10;25;28;42;42;11;17;7;12;10;15;8;13;20;13;13;14;7;8;15;11;16;16;12;13;10;20
Nezavisimaya Gazeta (Russia);2;1;0;1;2;2;3;1;1;0;5;2;4;7;2;1;1;4;5;1;3;2;1;11;10;3;3;3;2;0;2;3;3;0;6;8;10;7;6;3;7;13;5;8;9;2;6;14;9;5;8;9;13;14;6;4;8;4;9;8;3;4;9;9;5;4;7;7;25;3;10;14;5;7;12;7;3;7;4;9;6;8;11;11;10;6;4;6;4;5;2;5;9;7;8;14;4;5;6;5;3;4;0;1;6;1;7;5;6;1;3;3;2;2;0;3;2;2;2;3;3;5;0;5;3;5;3;4;10;4;7;5;4;4;6;5;5;10;4;4;6;12;13;15;5;2;4;6;8;12;3;4;3;8;10;7;2;7;5;1;9;11;2;1;5;2;11;9;8;10;7;5;3;6;6;3;5;8;4;10;8;9;7;13;8;11;5;8;12;14;5;20;8;15;7;10;10;8;2;7;6;11;7;19;18;12;15;15;11;17;18;4;19;25;31;31;11;13;5;7;11;5;6;4;11;8;18;11;9;13;8;13;7;7;11;9;20;12
Komsomolskaya Pravda (Russia);N/A;N/A;N/A;N/A;N/A;N/A;N/A;N/A;N/A;N/A;N/A;N/A;N/A;N/A;N/A;N/A;N/A;N/A;N/A;N/A;N/A;N/A;N/A;N/A;1;0;1;0;0;0;0;2;0;1;1;4;1;1;0;2;1;2;1;1;3;3;4;2;0;1;5;3;2;2;3;2;3;0;3;5;2;3;3;1;1;2;2;3;2;5;5;16;0;4;2;8;2;2;3;2;5;4;6;5;2;3;3;2;2;2;2;1;1;2;4;5;3;3;3;4;0;0;3;1;0;0;2;4;1;2;2;3;1;4;3;2;4;0;1;4;1;0;1;2;3;1;1;2;0;1;3;1;2;0;3;4;3;4;3;1;3;3;2;6;1;4;2;2;1;4;1;1;4;1;2;4;1;1;3;0;5;9;4;3;6;2;0;3;2;3;2;0;3;2;1;6;4;5;3;3;2;4;1;2;3;5;5;3;12;9;5;9;8;7;5;0;1;1;3;0;1;4;2;5;4;3;8;9;5;6;7;4;6;6;6;6;6;5;3;3;8;7;5;8;2;2;8;6;3;3;3;2;4;4;7;4;5;4
El País (Spain);9;15;13;7;15;27;36;9;20;31;12;42;30;48;22;9;10;39;30;19;39;28;27;39;30;14;26;44;44;58;62;53;54;59;145;102;175;192;149;199;144;197;104;87;92;166;189;192;100;95;91;104;76;121;94;51;61;98;85;88;66;73;88;67;73;94;80;34;105;120;144;281;104;75;102;70;63;52;35;61;56;59;66;61;52;45;57;38;28;65;41;19;41;53;64;64;43;42;59;31;23;32;28;32;34;24;30;37;32;20;22;30;25;40;9;34;26;26;58;16;32;27;33;44;35;38;20;24;73;17;46;52;45;12;44;29;20;60;45;61;53;51;57;133;40;37;20;23;27;30;33;21;33;38;95;57;55;36;58;37;63;126;52;35;67;52;101;71;69;35;45;44;51;56;41;53;59;69;97;91;69;82;109;102;134;138;101;106;204;121;144;253;160;116;70;52;51;63;50;47;74;55;90;81;80;55;77;77;91;86;117;132;128;123;177;83;72;57;74;44;69;96;120;109;99;95;129;73;87;57;70;93;112;102;190;112;99;71
El Mundo (Spain);14;16;10;9;14;14;7;14;21;14;14;17;13;23;19;12;12;24;36;10;18;12;25;38;17;17;22;16;14;22;12;23;17;21;40;24;54;76;71;59;55;84;63;68;73;150;121;153;94;103;83;96;113;132;136;76;81;106;88;91;69;56;69;62;64;59;54;30;19;60;95;156;94;79;72;50;60;48;36;31;45;52;64;67;67;33;79;56;48;61;64;30;22;59;42;29;44;26;47;37;21;15;24;24;25;33;35;30;21;27;32;12;25;30;37;15;26;22;34;17;39;30;32;54;52;56;49;25;55;66;62;62;43;29;49;44;56;101;66;56;61;88;155;210;77;76;61;77;73;96;80;37;72;89;137;70;110;90;109;74;91;121;82;63;103;128;106;105;108;86;103;98;85;111;74;57;93;138;164;121;108;139;181;120;180;203;165;112;188;200;218;105;67;51;22;20;30;32;27;18;22;24;40;25;38;22;44;36;31;42;44;56;54;53;78;44;49;29;39;50;40;60;71;61;52;58;76;49;48;34;62;47;70;80;69;44;75;45
La Vanguardia (Spain);5;14;12;14;19;15;11;13;12;21;19;39;24;57;28;11;15;28;27;14;28;15;26;49;15;28;14;23;16;23;30;14;35;43;103;78;144;144;104;85;87;81;81;59;51;83;84;99;48;48;51;60;60;52;71;24;33;80;47;53;59;50;47;54;37;20;30;38;58;56;85;130;52;52;24;23;25;12;14;34;27;23;29;42;23;13;33;19;9;19;14;13;20;10;19;42;16;19;17;17;21;22;13;9;7;14;36;13;21;14;8;13;18;23;12;18;25;14;28;8;27;10;21;26;19;16;21;10;22;19;54;49;49;23;36;16;21;26;23;27;32;32;54;81;37;34;28;34;32;24;26;26;32;40;96;31;58;31;33;31;37;58;55;40;46;31;39;30;41;30;29;31;29;45;39;31;34;70;60;56;53;51;74;58;69;62;63;58;89;78;68;127;65;74;41;30;52;48;40;22;48;42;54;39;52;47;40;66;59;60;74;65;97;92;119;47;53;45;46;40;59;60;87;81;73;70;115;55;57;38;56;70;69;69;98;70;72;76
Expansión (Spain);9;5;10;13;21;34;34;8;20;22;28;34;24;30;20;11;15;22;31;6;34;6;21;16;11;15;15;15;9;10;13;17;13;20;35;13;43;62;48;30;35;72;34;12;33;53;69;52;38;24;36;34;32;35;35;6;16;34;26;33;28;16;25;14;17;20;23;9;31;35;22;33;12;15;13;11;19;15;1;5;6;24;19;10;15;5;11;10;6;6;4;1;4;12;8;10;8;4;5;5;3;5;5;3;3;5;5;4;4;2;2;4;5;9;4;1;3;3;3;3;14;8;4;6;12;4;1;3;9;12;13;10;5;5;6;3;4;13;10;6;12;19;21;39;16;10;8;10;6;14;18;7;8;8;43;18;29;19;18;17;24;41;22;6;22;15;19;15;34;18;15;15;14;33;15;7;22;30;44;34;40;53;43;33;31;41;27;30;51;57;69;137;98;64;30;19;36;33;28;18;17;53;46;28;41;47;57;49;51;79;57;29;71;56;88;54;58;42;47;35;59;49;33;38;36;52;90;41;44;37;35;35;61;41;39;14;59;41
Dagens Nyheter (Sweden);4;2;2;9;8;7;4;8;5;7;7;8;10;12;6;6;2;7;17;9;9;15;10;12;13;2;2;10;6;7;7;14;15;15;29;40;37;48;34;32;36;26;22;26;31;28;31;53;44;28;45;34;30;33;23;20;41;31;30;27;21;25;24;11;21;29;21;8;37;31;29;74;22;15;18;14;12;19;9;13;14;11;19;25;19;10;14;14;17;10;10;22;9;7;22;19;7;9;12;12;16;13;11;17;7;10;21;26;9;12;16;19;19;6;4;7;21;12;16;6;8;12;12;12;7;4;9;10;9;9;16;12;13;12;13;8;22;12;12;15;29;34;54;54;24;24;22;30;28;17;15;23;24;19;57;45;20;14;18;21;27;30;17;25;32;17;47;19;24;23;13;17;19;12;34;91;38;54;44;85;44;30;59;52;58;39;44;37;60;33;40;72;52;28;31;28;26;25;19;22;39;28;42;61;32;57;52;38;39;55;40;66;54;59;57;29;30;26;32;42;46;37;52;58;48;36;65;47;41;32;31;42;39;39;42;69;42;30
Aftonbladet (Sweden);N/A;1;1;2;2;4;4;2;3;2;5;1;5;1;1;2;7;N/A;8;4;4;3;N/A;2;9;3;2;3;3;4;10;6;13;12;46;15;60;46;47;43;45;38;28;46;37;34;26;33;21;11;15;7;9;16;7;8;12;6;14;10;2;2;8;4;9;8;4;6;1;5;8;12;3;9;3;1;4;4;15;6;4;2;8;5;5;2;3;6;4;6;2;8;2;5;10;11;2;6;6;7;4;10;9;8;7;5;6;8;8;3;2;5;3;5;3;4;6;6;6;3;4;7;6;5;11;3;2;7;4;7;5;5;3;3;10;2;2;2;8;4;10;7;25;23;5;8;5;7;10;7;14;8;11;9;15;18;21;3;10;12;13;15;9;14;15;10;12;9;11;8;10;5;9;9;18;33;19;22;15;20;20;17;21;19;23;16;26;26;19;14;15;28;32;21;13;13;14;16;13;8;20;21;25;25;13;16;15;21;11;16;32;41;26;29;27;25;22;8;22;17;23;29;24;32;27;26;40;15;19;10;13;17;19;20;24;25;16;12
Expressen (Sweden);3;1;1;4;4;3;N/A;3;1;3;3;1;4;N/A;1;1;1;3;1;4;3;5;1;3;3;1;2;3;1;1;1;5;6;8;44;19;19;N/A;14;12;20;7;15;10;8;16;11;25;11;10;10;11;10;17;17;10;15;9;8;7;10;8;5;5;6;6;6;5;6;3;5;23;13;4;2;4;1;3;3;4;4;5;7;6;7;2;4;3;6;4;3;7;9;5;N/A;5;2;5;5;3;6;1;6;5;4;N/A;4;8;7;4;10;3;7;7;6;5;8;5;3;6;8;6;5;10;1;2;1;2;4;4;5;8;5;3;4;4;3;8;4;10;6;4;8;16;4;2;6;3;4;8;8;8;7;6;12;9;14;5;5;7;7;23;6;6;6;6;46;30;32;17;29;15;15;12;21;34;9;24;17;24;11;16;22;31;40;76;62;55;43;46;49;42;55;41;16;5;9;9;15;10;18;20;25;29;21;19;18;18;15;15;23;31;20;25;23;18;11;11;12;13;9;10;18;23;15;17;33;11;6;8;12;10;14;13;12;12;12;12
Total;315;338;346;291;470;431;356;397;414;494;537;541;604;703;481;405;522;734;977;481;778;678;795;889;601;628;705;695;796;826;861;715;1159;1333;1986;1511;2348;2508;2626;2267;2205;2421;2009;1596;1892;2155;2204;2404;1874;1582;1741;1697;1682;1794;1730;1197;1425;1492;1489;1528;1521;1308;1732;1518;1496;1501;1700;1212;2042;2022;2412;3955;1715;1452;1288;1072;1138;972;903;1034;1021;941;1140;1272;1079;777;928;798;803;946;906;603;758;974;1032;1137;685;827;857;792;652;779;762;644;793;842;1181;1004;924;706;854;738;777;997;614;799;1012;829;1060;589;802;891;862;881;796;734;680;560;994;1035;1453;1124;1045;838;1116;1050;1268;1385;1135;1164;1506;1975;2227;3019;1457;1390;1468;1499;1735;1258;867;740;991;985;1664;1132;1453;954;1057;955;1170;1634;1153;998;1406;1144;1426;1224;1318;1005;1076;1041;1019;1170;1266;1585;1388;2002;2086;2020;1774;1855;2398;2519;3100;2658;2416;2618;3278;3081;3118;3214;3270;2924;1813;1200;1221;1327;1284;1316;1936;1848;2058;1754;1871;1751;1946;2050;1878;2230;2640;2911;3221;4057;4300;1910;1793;1495;1792;1824;2033;1996;2773;2507;2290;2180;3042;1864;1888;1473;1962;1885;2003;2197;2877;2443;2585;1948